JobRole,total_employees,employees_left,average_income,attrition_rate
Sales Representative,83,33,2626.0,39.75903614457831
Laboratory Technician,259,62,3237.169884169884,23.93822393822394
Human Resources,52,12,4235.75,23.076923076923077
Sales Executive,326,57,6924.2791411042945,17.484662576687114
Research Scientist,292,47,3239.972602739726,16.095890410958905
Manufacturing Director,145,10,7295.137931034483,6.896551724137931
Healthcare Representative,131,9,7528.763358778626,6.870229007633588
Manager,102,5,17181.676470588234,4.901960784313726
Research Director,80,2,16033.55,2.5
